symbol,company,sector,sub_industry,headquarters,date_added,founded
MMM,3M,Industrials,Industrial Conglomerates,"Saint Paul, Minnesota",04-03-57,1902
AOS,A. O. Smith,Industrials,Building Products,"Milwaukee, Wisconsin",26-07-17,1916
ABT,Abbott Laboratories,Health Care,Health Care Equipment,"North Chicago, Illinois",04-03-57,1888
ABBV,AbbVie,Health Care,Biotechnology,"North Chicago, Illinois",31-12-12,2013 (1888)
ACN,Accenture,Information Technology,IT Consulting & Other Services,"Dublin, Ireland",06-07-11,1989
ADBE,Adobe Inc.,Information Technology,Application Software,"San Jose, California",05-05-97,1982
AMD,Advanced Micro Devices,Information Technology,Semiconductors,"Santa Clara, California",20-03-17,1969
AES,AES Corporation,Utilities,Independent Power Producers & Energy Traders,"Arlington, Virginia",02-10-98,1981
AFL,Aflac,Financials,Life & Health Insurance,"Columbus, Georgia",28-05-99,1955
A,Agilent Technologies,Health Care,Life Sciences Tools & Services,"Santa Clara, California",05-06-00,1999
APD,Air Products,Materials,Industrial Gases,"Upper Macungie Township, Pennsylvania",30-04-85,1940
ABNB,Airbnb,Consumer Discretionary,"Hotels, Resorts & Cruise Lines","San Francisco, California",18-09-23,2008
AKAM,Akamai Technologies,Information Technology,Internet Services & Infrastructure,"Cambridge, Massachusetts",12-07-07,1998
ALB,Albemarle Corporation,Materials,Specialty Chemicals,"Charlotte, North Carolina",01-07-16,1994
ARE,Alexandria Real Estate Equities,Real Estate,Office REITs,"Pasadena, California",20-03-17,1994
ALGN,Align Technology,Health Care,Health Care Supplies,"Tempe, Arizona",19-06-17,1997
ALLE,Allegion,Industrials,Building Products,"Dublin, Ireland",02-12-13,1908
LNT,Alliant Energy,Utilities,Electric Utilities,"Madison, Wisconsin",01-07-16,1917
ALL,Allstate,Financials,Property & Casualty Insurance,"Northbrook, Illinois",13-07-95,1931
GOOGL,Alphabet Inc. (Class A),Communication Services,Interactive Media & Services,"Mountain View, California",03-04-06,1998
GOOG,Alphabet Inc. (Class C),Communication Services,Interactive Media & Services,"Mountain View, California",03-04-14,1998
MO,Altria,Consumer Staples,Tobacco,"Richmond, Virginia",04-03-57,1985
AMZN,Amazon,Consumer Discretionary,Broadline Retail,"Seattle, Washington",18-11-05,1994
AMCR,Amcor,Materials,Paper & Plastic Packaging Products & Materials,"Warmley, Bristol, United Kingdom",07-06-19,2019 (1860)
AEE,Ameren,Utilities,Multi-Utilities,"St. Louis, Missouri",19-09-91,1902
AEP,American Electric Power,Utilities,Electric Utilities,"Columbus, Ohio",04-03-57,1906
AXP,American Express,Financials,Consumer Finance,"New York City, New York",30-06-76,1850
AIG,American International Group,Financials,Multi-line Insurance,"New York City, New York",31-03-80,1919
AMT,American Tower,Real Estate,Telecom Tower REITs,"Boston, Massachusetts",19-11-07,1995
AWK,American Water Works,Utilities,Water Utilities,"Camden, New Jersey",04-03-16,1886
AMP,Ameriprise Financial,Financials,Asset Management & Custody Banks,"Minneapolis, Minnesota",03-10-05,1894
AME,Ametek,Industrials,Electrical Components & Equipment,"Berwyn, Pennsylvania",23-09-13,1930
AMGN,Amgen,Health Care,Biotechnology,"Thousand Oaks, California",02-01-92,1980
APH,Amphenol,Information Technology,Electronic Components,"Wallingford, Connecticut",30-09-08,1932
ADI,Analog Devices,Information Technology,Semiconductors,"Wilmington, Massachusetts",12-10-99,1965
AON,Aon plc,Financials,Insurance Brokers,"London, United Kingdom",23-04-96,1982 (1919)
APA,APA Corporation,Energy,Oil & Gas Exploration & Production,"Houston, Texas",28-07-97,1954
APO,Apollo Global Management,Financials,Asset Management & Custody Banks,"New York City, New York",23-12-24,1990
AAPL,Apple Inc.,Information Technology,"Technology Hardware, Storage & Peripherals","Cupertino, California",30-11-82,1977
AMAT,Applied Materials,Information Technology,Semiconductor Materials & Equipment,"Santa Clara, California",16-03-95,1967
APP,AppLovin,Information Technology,Application Software,"Palo Alto, California",22-09-25,2012
APTV,Aptiv,Consumer Discretionary,Automotive Parts & Equipment,"Schaffhausen, Switzerland",24-12-12,1994
ACGL,Arch Capital Group,Financials,Property & Casualty Insurance,"Hamilton, Bermuda",01-11-22,1995
ADM,Archer Daniels Midland,Consumer Staples,Agricultural Products & Services,"Chicago, Illinois",04-03-57,1902
ARES,Ares Management,Financials,Asset Management & Custody Banks,"Los Angeles, California",11-12-25,1977
ANET,Arista Networks,Information Technology,Communications Equipment,"Santa Clara, California",28-08-18,2004
AJG,Arthur J. Gallagher & Co.,Financials,Insurance Brokers,"Rolling Meadows, Illinois",31-05-16,1927
AIZ,Assurant,Financials,Multi-line Insurance,"Atlanta, Georgia",10-04-07,1892
T,AT&T,Communication Services,Integrated Telecommunication Services,"Dallas, Texas",30-11-83,1983 (1885)
ATO,Atmos Energy,Utilities,Gas Utilities,"Dallas, Texas",15-02-19,1906
ADSK,Autodesk,Information Technology,Application Software,"San Francisco, California",01-12-89,1982
ADP,Automatic Data Processing,Industrials,Human Resource & Employment Services,"Roseland, New Jersey",31-03-81,1949
AZO,AutoZone,Consumer Discretionary,Automotive Retail,"Memphis, Tennessee",02-01-97,1979
AVB,AvalonBay Communities,Real Estate,Multi-Family Residential REITs,"Arlington, Virginia",10-01-07,1978
AVY,Avery Dennison,Materials,Paper & Plastic Packaging Products & Materials,"Mentor, Ohio",31-12-87,1935
AXON,Axon Enterprise,Industrials,Aerospace & Defense,"Scottsdale, Arizona",04-05-23,1993
BKR,Baker Hughes,Energy,Oil & Gas Equipment & Services,"Houston, Texas",07-07-17,2017
BALL,Ball Corporation,Materials,"Metal, Glass & Plastic Containers","Broomfield, Colorado",31-10-84,1880
BAC,Bank of America,Financials,Diversified Banks,"Charlotte, North Carolina",30-06-76,1998 (1923 / 1874)
BAX,Baxter International,Health Care,Health Care Equipment,"Deerfield, Illinois",30-09-72,1931
BDX,Becton Dickinson,Health Care,Health Care Equipment,"Franklin Lakes, New Jersey",30-09-72,1897
BRK-B,Berkshire Hathaway,Financials,Multi-Sector Holdings,"Omaha, Nebraska",16-02-10,1839
BBY,Best Buy,Consumer Discretionary,Computer & Electronics Retail,"Richfield, Minnesota",29-06-99,1966
TECH,Bio-Techne,Health Care,Life Sciences Tools & Services,"Minneapolis, Minnesota",30-08-21,1976
BIIB,Biogen,Health Care,Biotechnology,"Cambridge, Massachusetts",13-11-03,1978
BLK,BlackRock,Financials,Asset Management & Custody Banks,"New York City, New York",04-04-11,1988
BX,Blackstone Inc.,Financials,Asset Management & Custody Banks,"New York City, New York",18-09-23,1985
XYZ,"Block, Inc.",Financials,Transaction & Payment Processing Services,none,23-07-25,2009
BNY,BNY Mellon,Financials,Asset Management & Custody Banks,"New York City, New York",31-03-95,1784
BA,Boeing,Industrials,Aerospace & Defense,"Arlington, Virginia",04-03-57,1916
BKNG,Booking Holdings,Consumer Discretionary,"Hotels, Resorts & Cruise Lines","Norwalk, Connecticut",06-11-09,1996
BSX,Boston Scientific,Health Care,Health Care Equipment,"Marlborough, Massachusetts",24-02-95,1979
BMY,Bristol Myers Squibb,Health Care,Pharmaceuticals,"New York City, New York",04-03-57,1989 (1887)
AVGO,Broadcom,Information Technology,Semiconductors,"Palo Alto, California",08-05-14,1961
BR,Broadridge Financial Solutions,Industrials,Data Processing & Outsourced Services,"Lake Success, New York",18-06-18,1962
BRO,Brown & Brown,Financials,Insurance Brokers,"Daytona Beach, Florida",20-09-21,1939
BF-B,Brown–Forman,Consumer Staples,Distillers & Vintners,"Louisville, Kentucky",31-10-82,1870
BLDR,Builders FirstSource,Industrials,Building Products,"Irving, Texas",18-12-23,1998
BG,Bunge Global,Consumer Staples,Agricultural Products & Services,"Chesterfield, Missouri",15-03-23,1818
BXP,"BXP, Inc.",Real Estate,Office REITs,"Boston, Massachusetts",03-04-06,1970
CHRW,C.H. Robinson,Industrials,Air Freight & Logistics,"Eden Prairie, Minnesota",02-03-07,1905
CDNS,Cadence Design Systems,Information Technology,Application Software,"San Jose, California",18-09-17,1988
CPT,Camden Property Trust,Real Estate,Multi-Family Residential REITs,"Houston, Texas",04-04-22,1981
COF,Capital One,Financials,Consumer Finance,"Tysons Corner, Virginia",01-07-98,1994
CAH,Cardinal Health,Health Care,Health Care Distributors,"Dublin, Ohio",27-05-97,1971
CCL,Carnival Corporation,Consumer Discretionary,"Hotels, Resorts & Cruise Lines","Miami, Florida",22-12-98,1972
CARR,Carrier Global,Industrials,Building Products,"Palm Beach Gardens, Florida",03-04-20,"2020 (1915, United Technologies spinoff)"
CVNA,Carvana,Consumer Discretionary,Automotive Retail,"Tempe, Arizona",22-12-25,2012
CASY,Casey's,Consumer Staples,Food Retail,"Ankeny, Iowa",09-04-26,1967
CAT,Caterpillar Inc.,Industrials,Construction Machinery & Heavy Transportation Equipment,"Irving, Texas",04-03-57,1925
CBOE,Cboe Global Markets,Financials,Financial Exchanges & Data,"Chicago, Illinois",01-03-17,1973
CBRE,CBRE Group,Real Estate,Real Estate Services,"Dallas, Texas",10-11-06,1906
CDW,CDW Corporation,Information Technology,Technology Distributors,"Vernon Hills, Illinois",23-09-19,1984
COR,Cencora,Health Care,Health Care Distributors,"Conshohocken, Pennsylvania",30-08-01,1985
CNC,Centene Corporation,Health Care,Managed Health Care,"St. Louis, Missouri",30-03-16,1984
CNP,CenterPoint Energy,Utilities,Multi-Utilities,"Houston, Texas",31-07-85,1882
CF,CF Industries,Materials,Fertilizers & Agricultural Chemicals,"Deerfield, Illinois",27-08-08,1946
CRL,Charles River Laboratories,Health Care,Life Sciences Tools & Services,"Wilmington, Massachusetts",14-05-21,1947
SCHW,Charles Schwab Corporation,Financials,Investment Banking & Brokerage,"Westlake, Texas",02-06-97,1971
CHTR,Charter Communications,Communication Services,Cable & Satellite,"Stamford, Connecticut",08-09-16,1993
CVX,Chevron Corporation,Energy,Integrated Oil & Gas,"Houston, Texas",04-03-57,1879
CMG,Chipotle Mexican Grill,Consumer Discretionary,Restaurants,"Newport Beach, California",28-04-11,1993
CB,Chubb Limited,Financials,Property & Casualty Insurance,"Zurich, Switzerland",15-07-10,1985
CHD,Church & Dwight,Consumer Staples,Household Products,"Ewing, New Jersey",29-12-15,1847
CIEN,Ciena,Information Technology,Communications Equipment,"Hanover, Maryland",09-02-26,1992
CI,Cigna,Health Care,Health Care Services,"Bloomfield, Connecticut",30-06-76,1982
CINF,Cincinnati Financial,Financials,Property & Casualty Insurance,"Fairfield, Ohio",18-12-97,1950
CTAS,Cintas,Industrials,Diversified Support Services,"Mason, Ohio",01-03-01,1929
CSCO,Cisco,Information Technology,Communications Equipment,"San Jose, California",01-12-93,1984
C,Citigroup,Financials,Diversified Banks,"New York City, New York",31-05-88,1998
CFG,Citizens Financial Group,Financials,Regional Banks,"Providence, Rhode Island",29-01-16,1828
CLX,Clorox,Consumer Staples,Household Products,"Oakland, California",31-03-69,1913
CME,CME Group,Financials,Financial Exchanges & Data,"Chicago, Illinois",11-08-06,1848
CMS,CMS Energy,Utilities,Multi-Utilities,"Jackson, Michigan",04-03-57,1886
KO,Coca-Cola Company (The),Consumer Staples,Soft Drinks & Non-alcoholic Beverages,"Atlanta, Georgia",04-03-57,1886
CTSH,Cognizant,Information Technology,IT Consulting & Other Services,"Teaneck, New Jersey",17-11-06,1994
COHR,Coherent Corp.,Information Technology,Electronic Components,"Saxonburg, Pennsylvania",23-03-26,1971
COIN,Coinbase,Financials,Financial Exchanges & Data,"New York City, New York",19-05-25,2012
CL,Colgate-Palmolive,Consumer Staples,Household Products,"New York City, New York",04-03-57,1806
CMCSA,Comcast,Communication Services,Cable & Satellite,"Philadelphia, Pennsylvania",19-11-02,1963
FIX,Comfort Systems USA,Industrials,Construction & Engineering,"Houston, Texas",22-12-25,1997
COP,ConocoPhillips,Energy,Oil & Gas Exploration & Production,"Houston, Texas",04-03-57,2002
ED,Consolidated Edison,Utilities,Multi-Utilities,"New York City, New York",04-03-57,1823
STZ,Constellation Brands,Consumer Staples,Distillers & Vintners,"Rochester, New York",01-07-05,1945
CEG,Constellation Energy,Utilities,Electric Utilities,"Baltimore, Maryland",02-02-22,1999
COO,Cooper Companies (The),Health Care,Health Care Supplies,"San Ramon, California",23-09-16,1958
CPRT,Copart,Industrials,Diversified Support Services,"Dallas, Texas",02-07-18,1982
GLW,Corning Inc.,Information Technology,Electronic Components,"Corning, New York",27-02-95,1851
CPAY,Corpay,Financials,Transaction & Payment Processing Services,"Atlanta, Georgia",20-06-18,2000
CTVA,Corteva,Materials,Fertilizers & Agricultural Chemicals,"Indianapolis, Indiana",03-06-19,2019
CSGP,CoStar Group,Real Estate,Real Estate Services,"Washington, D.C.",19-09-22,1987
COST,Costco,Consumer Staples,Consumer Staples Merchandise Retail,"Issaquah, Washington",01-10-93,1976
CRH,CRH plc,Materials,Construction Materials,"Dublin, Ireland",22-12-25,1970
CRWD,CrowdStrike,Information Technology,Systems Software,"Austin, Texas",24-06-24,2011
CCI,Crown Castle,Real Estate,Telecom Tower REITs,"Houston, Texas",14-03-12,1994
CSX,CSX Corporation,Industrials,Rail Transportation,"Jacksonville, Florida",04-03-57,1980
CMI,Cummins,Industrials,Construction Machinery & Heavy Transportation Equipment,"Columbus, Indiana",31-03-65,1919
CVS,CVS Health,Health Care,Health Care Services,"Woonsocket, Rhode Island",04-03-57,1996
DHR,Danaher Corporation,Health Care,Life Sciences Tools & Services,"Washington, D.C.",18-11-98,1969
DRI,Darden Restaurants,Consumer Discretionary,Restaurants,"Orlando, Florida",31-05-95,1938
DDOG,Datadog,Information Technology,Application Software,"New York City, New York",09-07-25,2010
DVA,DaVita,Health Care,Health Care Services,"Denver, Colorado",31-07-08,1979
DECK,Deckers Brands,Consumer Discretionary,Footwear,"Goleta, California",18-03-24,1973
DE,Deere & Company,Industrials,Agricultural & Farm Machinery,"Moline, Illinois",04-03-57,1837
DELL,Dell Technologies,Information Technology,"Technology Hardware, Storage & Peripherals","Round Rock, Texas",23-09-24,2016
DAL,Delta Air Lines,Industrials,Passenger Airlines,"Atlanta, Georgia",11-09-13,1929
DVN,Devon Energy,Energy,Oil & Gas Exploration & Production,"Oklahoma City, Oklahoma",30-08-00,1971
DXCM,Dexcom,Health Care,Health Care Equipment,"San Diego, California",12-05-20,1999
FANG,Diamondback Energy,Energy,Oil & Gas Exploration & Production,"Midland, Texas",03-12-18,2007
DLR,Digital Realty,Real Estate,Data Center REITs,"Austin, Texas",18-05-16,2004
DG,Dollar General,Consumer Staples,Consumer Staples Merchandise Retail,"Goodlettsville, Tennessee",03-12-12,1939
DLTR,Dollar Tree,Consumer Staples,Consumer Staples Merchandise Retail,"Chesapeake, Virginia",19-12-11,1986
D,Dominion Energy,Utilities,Multi-Utilities,"Richmond, Virginia",30-11-16,1983
DPZ,Domino's,Consumer Discretionary,Restaurants,"Ann Arbor, Michigan",12-05-20,1960
DASH,DoorDash,Consumer Discretionary,Specialized Consumer Services,"San Francisco, California",24-03-25,2012
DOV,Dover Corporation,Industrials,Industrial Machinery & Supplies & Components,"Downers Grove, Illinois",31-10-85,1955
DOW,Dow Inc.,Materials,Commodity Chemicals,"Midland, Michigan",01-04-19,2019 (1897)
DHI,D. R. Horton,Consumer Discretionary,Homebuilding,"Arlington, Texas",22-06-05,1978
DTE,DTE Energy,Utilities,Multi-Utilities,"Detroit, Michigan",04-03-57,1995
DUK,Duke Energy,Utilities,Electric Utilities,"Charlotte, North Carolina",30-06-76,1904
DD,DuPont,Materials,Specialty Chemicals,"Wilmington, Delaware",03-06-19,2017 (1802)
ETN,Eaton Corporation,Industrials,Electrical Components & Equipment,"Dublin, Ireland",04-03-57,1911
EBAY,eBay Inc.,Consumer Discretionary,Broadline Retail,"San Jose, California",22-07-02,1995
ECHO,EchoStar,Communication Services,Wireless Telecommunication Services,"Englewood, Colorado",23-03-26,2008
ECL,Ecolab,Materials,Specialty Chemicals,"Saint Paul, Minnesota",31-01-89,1923
EIX,Edison International,Utilities,Electric Utilities,"Rosemead, California",04-03-57,1886
EW,Edwards Lifesciences,Health Care,Health Care Equipment,"Irvine, California",01-04-11,1958
EA,Electronic Arts,Communication Services,Interactive Home Entertainment,"Redwood City, California",22-07-02,1982
ELV,Elevance Health,Health Care,Managed Health Care,"Indianapolis, Indiana",25-07-02,2014 (1946)
EME,Emcor,Industrials,Construction & Engineering,"Norwalk, Connecticut",22-09-25,1994
EMR,Emerson Electric,Industrials,Electrical Components & Equipment,"Ferguson, Missouri",31-03-65,1890
ETR,Entergy,Utilities,Electric Utilities,"New Orleans, Louisiana",04-03-57,1913
EOG,EOG Resources,Energy,Oil & Gas Exploration & Production,"Houston, Texas",02-11-00,1999
EQT,EQT Corporation,Energy,Oil & Gas Exploration & Production,"Pittsburgh, Pennsylvania",03-10-22,1888
EFX,Equifax,Industrials,Research & Consulting Services,"Atlanta, Georgia",19-06-97,1899
EQIX,Equinix,Real Estate,Data Center REITs,"Redwood City, California",20-03-15,1998
EQR,Equity Residential,Real Estate,Multi-Family Residential REITs,"Chicago, Illinois",03-12-01,1969
ERIE,Erie Indemnity,Financials,Insurance Brokers,"Erie, Pennsylvania",23-09-24,1925
ESS,Essex Property Trust,Real Estate,Multi-Family Residential REITs,"San Mateo, California",02-04-14,1971
EL,Estée Lauder Companies (The),Consumer Staples,Personal Care Products,"New York City, New York",05-01-06,1946
EG,Everest Group,Financials,Reinsurance,"Hamilton, Bermuda",19-06-17,1973
EVRG,Evergy,Utilities,Electric Utilities,"Kansas City, Missouri",05-06-18,1909
ES,Eversource Energy,Utilities,Electric Utilities,"Hartford, Connecticut",24-07-09,1966
EXC,Exelon,Utilities,Electric Utilities,"Chicago, Illinois",04-03-57,2000
EXE,Expand Energy,Energy,Oil & Gas Exploration & Production,"Oklahoma City, Oklahoma",24-03-25,1989
EXPE,Expedia Group,Consumer Discretionary,"Hotels, Resorts & Cruise Lines","Seattle, Washington",02-10-07,1996
EXPD,Expeditors International,Industrials,Air Freight & Logistics,"Seattle, Washington",10-10-07,1979
EXR,Extra Space Storage,Real Estate,Self-Storage REITs,"Salt Lake City, Utah",19-01-16,1977
XOM,ExxonMobil,Energy,Integrated Oil & Gas,"Irving, Texas",04-03-57,1999
FFIV,"F5, Inc.",Information Technology,Communications Equipment,"Seattle, Washington",20-12-10,1996
FDS,FactSet,Financials,Financial Exchanges & Data,"Norwalk, Connecticut",20-12-21,1978
FICO,Fair Isaac,Information Technology,Application Software,"Bozeman, Montana",20-03-23,1956
FAST,Fastenal,Industrials,Trading Companies & Distributors,"Winona, Minnesota",15-09-08,1967
FRT,Federal Realty Investment Trust,Real Estate,Retail REITs,"Rockville, Maryland",01-02-16,1962
FDX,FedEx,Industrials,Air Freight & Logistics,"Memphis, Tennessee",31-12-80,1971
FDXF,FedEx Freight,Industrials,Cargo Ground Transportation,"Memphis, Tennessee",01-06-26,1982
FIS,Fidelity National Information Services,Financials,Transaction & Payment Processing Services,"Jacksonville, Florida",10-11-06,1968
FITB,Fifth Third Bancorp,Financials,Regional Banks,"Cincinnati, Ohio",29-03-96,1858
FSLR,First Solar,Information Technology,Semiconductors,"Tempe, Arizona",19-12-22,1999
FE,FirstEnergy,Utilities,Electric Utilities,"Akron, Ohio",28-11-97,1997
FISV,Fiserv,Financials,Transaction & Payment Processing Services,"Brookfield, Wisconsin",02-04-01,1984
FLEX,Flex Ltd.,Information Technology,Electronic Manufacturing Services,"Austin, Texas",22-06-26,1969
F,Ford Motor Company,Consumer Discretionary,Automobile Manufacturers,"Dearborn, Michigan",04-03-57,1903
FTNT,Fortinet,Information Technology,Systems Software,"Sunnyvale, California",11-10-18,2000
FTV,Fortive,Industrials,Industrial Machinery & Supplies & Components,"Everett, Washington",01-07-16,2016
FOXA,Fox Corporation (Class A),Communication Services,Broadcasting,"New York City, New York",19-03-19,2019
FOX,Fox Corporation (Class B),Communication Services,Broadcasting,"New York City, New York",19-03-19,2019
BEN,Franklin Resources,Financials,Asset Management & Custody Banks,"San Mateo, California",30-04-98,1947
FCX,Freeport-McMoRan,Materials,Copper,"Phoenix, Arizona",01-07-11,1912
GRMN,Garmin,Consumer Discretionary,Consumer Electronics,"Schaffhausen, Switzerland",12-12-12,1989
IT,Gartner,Information Technology,IT Consulting & Other Services,"Stamford, Connecticut",05-04-17,1979
GE,GE Aerospace,Industrials,Aerospace & Defense,"Evendale, Ohio",04-03-57,1892
GEHC,GE HealthCare,Health Care,Health Care Equipment,"Chicago, Illinois",04-01-23,1994
GEV,GE Vernova,Industrials,Heavy Electrical Equipment,"Cambridge, Massachusetts",02-04-24,2024
GEN,Gen Digital,Information Technology,Systems Software,"Tempe, Arizona",25-03-03,1982
GNRC,Generac,Industrials,Heavy Electrical Equipment,"Waukesha, Wisconsin",22-03-21,1959
GD,General Dynamics,Industrials,Aerospace & Defense,"Reston, Virginia",04-03-57,1899
GIS,General Mills,Consumer Staples,Packaged Foods & Meats,"Golden Valley, Minnesota",04-03-57,1856
GM,General Motors,Consumer Discretionary,Automobile Manufacturers,"Detroit, Michigan",06-06-13,1908
GPC,Genuine Parts Company,Consumer Discretionary,Distributors,"Atlanta, Georgia",31-12-73,1925
GILD,Gilead Sciences,Health Care,Biotechnology,"Foster City, California",01-07-04,1987
GPN,Global Payments,Financials,Transaction & Payment Processing Services,"Atlanta, Georgia",25-04-16,2000
GL,Globe Life,Financials,Life & Health Insurance,"McKinney, Texas",30-04-89,1900
GDDY,GoDaddy,Information Technology,Internet Services & Infrastructure,"Tempe, Arizona",24-06-24,1997
GS,Goldman Sachs,Financials,Investment Banking & Brokerage,"New York City, New York",22-07-02,1869
HAL,Halliburton,Energy,Oil & Gas Equipment & Services,"Houston, Texas",04-03-57,1919
HIG,Hartford (The),Financials,Property & Casualty Insurance,"Hartford, Connecticut",04-03-57,1810
HAS,Hasbro,Consumer Discretionary,Leisure Products,"Pawtucket, Rhode Island",30-09-84,1923
HCA,HCA Healthcare,Health Care,Health Care Facilities,"Nashville, Tennessee",27-01-15,1968
DOC,Healthpeak Properties,Real Estate,Health Care REITs,"Denver, Colorado",31-03-08,1985
HSIC,Henry Schein,Health Care,Health Care Distributors,"Melville, New York",17-03-15,1932
HSY,Hershey Company (The),Consumer Staples,Packaged Foods & Meats,"Hershey, Pennsylvania",04-03-57,1894
HPE,Hewlett Packard Enterprise,Information Technology,"Technology Hardware, Storage & Peripherals","Houston, Texas",02-11-15,2015
HLT,Hilton Worldwide,Consumer Discretionary,"Hotels, Resorts & Cruise Lines","Tysons Corner, Virginia",19-06-17,1919
HD,Home Depot (The),Consumer Discretionary,Home Improvement Retail,"Atlanta, Georgia",31-03-88,1978
HONA,Honeywell Aerospace,Industrials,Aerospace & Defense,"Phoenix, Arizona",29-06-26,1914
HON,Honeywell Technologies,Industrials,Industrial Conglomerates,"Charlotte, North Carolina",04-03-57,1906
HRL,Hormel Foods,Consumer Staples,Packaged Foods & Meats,"Austin, Minnesota",04-03-09,1891
HST,Host Hotels & Resorts,Real Estate,Hotel & Resort REITs,"Bethesda, Maryland",20-03-07,1993
HWM,Howmet Aerospace,Industrials,Aerospace & Defense,"Pittsburgh, Pennsylvania",21-10-16,1888
HPQ,HP Inc.,Information Technology,"Technology Hardware, Storage & Peripherals","Palo Alto, California",31-12-74,1939 (2015)
HUBB,Hubbell Incorporated,Industrials,Industrial Machinery & Supplies & Components,"Shelton, Connecticut",18-10-23,1888
HUM,Humana,Health Care,Managed Health Care,"Louisville, Kentucky",10-12-12,1961
HBAN,Huntington Bancshares,Financials,Regional Banks,"Columbus, Ohio; Detroit, Michigan",28-08-97,1866
HII,Huntington Ingalls Industries,Industrials,Aerospace & Defense,"Newport News, Virginia",03-01-18,2011
IBM,IBM,Information Technology,IT Consulting & Other Services,"Armonk, New York",04-03-57,1911
IEX,IDEX Corporation,Industrials,Industrial Machinery & Supplies & Components,"Northbrook, Illinois",09-08-19,1988
IDXX,Idexx Laboratories,Health Care,Health Care Equipment,"Westbrook, Maine",05-01-17,1983
ITW,Illinois Tool Works,Industrials,Industrial Machinery & Supplies & Components,"Glenview, Illinois",28-02-86,1912
INCY,Incyte,Health Care,Biotechnology,"Wilmington, Delaware",28-02-17,1991
IR,Ingersoll Rand,Industrials,Industrial Machinery & Supplies & Components,"Davidson, North Carolina",03-03-20,1859
PODD,Insulet Corporation,Health Care,Health Care Equipment,"Acton, Massachusetts",15-03-23,2000
INTC,Intel,Information Technology,Semiconductors,"Santa Clara, California",31-12-76,1968
IBKR,Interactive Brokers,Financials,Investment Banking & Brokerage,"Greenwich, Connecticut",28-08-25,1977
ICE,Intercontinental Exchange,Financials,Financial Exchanges & Data,"Atlanta, Georgia",26-09-07,2000
IFF,International Flavors & Fragrances,Materials,Specialty Chemicals,"New York City, New York",31-03-76,1958 (1889)
IP,International Paper,Materials,Paper & Plastic Packaging Products & Materials,"Memphis, Tennessee",04-03-57,1898
INTU,Intuit,Information Technology,Application Software,"Mountain View, California",05-12-00,1983
ISRG,Intuitive Surgical,Health Care,Health Care Equipment,"Sunnyvale, California",02-06-08,1995
IVZ,Invesco,Financials,Asset Management & Custody Banks,"Atlanta, Georgia",21-08-08,1935
INVH,Invitation Homes,Real Estate,Single-Family Residential REITs,"Dallas, Texas",19-09-22,2012
IQV,IQVIA,Health Care,Life Sciences Tools & Services,"Durham, North Carolina",29-08-17,1982
IRM,Iron Mountain,Real Estate,Other Specialized REITs,"Portsmouth, New Hampshire",06-01-09,1951
JBHT,J.B. Hunt,Industrials,Cargo Ground Transportation,"Lowell, Arkansas",01-07-15,1961
JBL,Jabil,Information Technology,Electronic Manufacturing Services,"St. Petersburg, Florida",18-12-23,1966
JKHY,Jack Henry & Associates,Financials,Transaction & Payment Processing Services,"Monett, Missouri",13-11-18,1976
J,Jacobs Solutions,Industrials,Construction & Engineering,"Dallas, Texas",26-10-07,1947
JNJ,Johnson & Johnson,Health Care,Pharmaceuticals,"New Brunswick, New Jersey",30-06-73,1886
JCI,Johnson Controls,Industrials,Building Products,"Cork, Ireland",27-08-10,1885
JPM,JPMorgan Chase,Financials,Diversified Banks,"New York City, New York",30-06-75,2000 (1799 / 1871)
KVUE,Kenvue,Consumer Staples,Personal Care Products,"Skillman, New Jersey",25-08-23,2022 (Johnson & Johnson spinoff)
KDP,Keurig Dr Pepper,Consumer Staples,Soft Drinks & Non-alcoholic Beverages,"Burlington, Massachusetts",21-06-22,1981
KEY,KeyCorp,Financials,Regional Banks,"Cleveland, Ohio",01-03-94,1825
KEYS,Keysight Technologies,Information Technology,Electronic Equipment & Instruments,"Santa Rosa, California",06-11-18,2014 (1939)
KMB,Kimberly-Clark,Consumer Staples,Household Products,"Irving, Texas",04-03-57,1872
KIM,Kimco Realty,Real Estate,Retail REITs,"Jericho, New York",04-04-06,1958
KMI,Kinder Morgan,Energy,Oil & Gas Storage & Transportation,"Houston, Texas",25-05-12,1997
KKR,KKR & Co.,Financials,Asset Management & Custody Banks,"New York City, New York",24-06-24,1976
KLAC,KLA Corporation,Information Technology,Semiconductor Materials & Equipment,"Milpitas, California",30-09-97,1975/1977 (1997)
KHC,Kraft Heinz,Consumer Staples,Packaged Foods & Meats,"Chicago, Illinois; Pittsburgh, Pennsylvania",06-07-15,2015 (1869)
KR,Kroger,Consumer Staples,Food Retail,"Cincinnati, Ohio",04-03-57,1883
LHX,L3Harris,Industrials,Aerospace & Defense,"Melbourne, Florida",22-09-08,"2019 (L3 1997, Harris 1895)"
LH,Labcorp,Health Care,Health Care Services,"Burlington, North Carolina",01-11-04,1978
LRCX,Lam Research,Information Technology,Semiconductor Materials & Equipment,"Fremont, California",29-06-12,1980
LVS,Las Vegas Sands,Consumer Discretionary,Casinos & Gaming,"Las Vegas, Nevada",03-10-19,1988
LDOS,Leidos,Industrials,Diversified Support Services,"Reston, Virginia",09-08-19,1969
LEN,Lennar,Consumer Discretionary,Homebuilding,"Miami, Florida",04-10-05,1954
LII,Lennox International,Industrials,Building Products,"Richardson, Texas",23-12-24,1895
LLY,Lilly (Eli),Health Care,Pharmaceuticals,"Indianapolis, Indiana",31-12-70,1876
LIN,Linde plc,Materials,Industrial Gases,"Guildford, United Kingdom",01-07-92,1879
LYV,Live Nation Entertainment,Communication Services,Movies & Entertainment,"Beverly Hills, California",23-12-19,2010
LMT,Lockheed Martin,Industrials,Aerospace & Defense,"Bethesda, Maryland",04-03-57,1995
L,Loews Corporation,Financials,Multi-line Insurance,"New York City, New York",31-05-95,1959
LOW,Lowe's,Consumer Discretionary,Home Improvement Retail,"Mooresville, North Carolina",29-02-84,1904/1946/1959
LULU,Lululemon Athletica,Consumer Discretionary,"Apparel, Accessories & Luxury Goods","Vancouver, Canada",18-10-23,1998
LITE,Lumentum,Information Technology,Communications Equipment,"San Jose, California",23-03-26,2015
LYB,LyondellBasell,Materials,Specialty Chemicals,"Rotterdam, Netherlands",05-09-12,2007
MTB,M&T Bank,Financials,Regional Banks,"Buffalo, New York",23-02-04,1856
MPC,Marathon Petroleum,Energy,Oil & Gas Refining & Marketing,"Findlay, Ohio",01-07-11,2009 (1887)
MAR,Marriott International,Consumer Discretionary,"Hotels, Resorts & Cruise Lines","Bethesda, Maryland",29-05-98,1927
MRSH,Marsh McLennan,Financials,Insurance Brokers,"New York City, New York",31-08-87,1905
MLM,Martin Marietta Materials,Materials,Construction Materials,"Raleigh, North Carolina",02-07-14,1993
MRVL,Marvell Technology,Information Technology,Semiconductors,"Santa Clara, California",22-06-26,1995
MAS,Masco,Industrials,Building Products,"Livonia, Michigan",30-06-81,1929
MA,Mastercard,Financials,Transaction & Payment Processing Services,"Harrison, New York",18-07-08,1966
MKC,McCormick & Company,Consumer Staples,Packaged Foods & Meats,"Hunt Valley, Maryland",20-03-03,1889
MCD,McDonald's,Consumer Discretionary,Restaurants,"Chicago, Illinois",30-06-70,1940
MCK,McKesson Corporation,Health Care,Health Care Distributors,"Irving, Texas",13-01-99,1833
MDT,Medtronic,Health Care,Health Care Equipment,"Galway, Ireland",31-10-86,1949
MRK,Merck & Co.,Health Care,Pharmaceuticals,"Kenilworth, New Jersey",04-03-57,1891
META,Meta Platforms,Communication Services,Interactive Media & Services,"Menlo Park, California",23-12-13,2004
MET,MetLife,Financials,Life & Health Insurance,"New York City, New York",11-12-00,1868
MTD,Mettler Toledo,Health Care,Life Sciences Tools & Services,"Columbus, Ohio",06-09-16,1945
MGM,MGM Resorts,Consumer Discretionary,Casinos & Gaming,"Paradise, Nevada",26-07-17,1986
MCHP,Microchip Technology,Information Technology,Semiconductors,"Chandler, Arizona",07-09-07,1989
MU,Micron Technology,Information Technology,Semiconductors,"Boise, Idaho",27-09-94,1978
MSFT,Microsoft,Information Technology,Systems Software,"Redmond, Washington",01-06-94,1975
MAA,Mid-America Apartment Communities,Real Estate,Multi-Family Residential REITs,"Memphis, Tennessee",02-12-16,1977
MRNA,Moderna,Health Care,Biotechnology,"Cambridge, Massachusetts",21-07-21,2010
TAP,Molson Coors Beverage Company,Consumer Staples,Brewers,"Chicago, Illinois",30-06-76,"2005 (Molson 1786, Coors 1873)"
MDLZ,Mondelez International,Consumer Staples,Packaged Foods & Meats,"Chicago, Illinois",02-10-12,2012
MPWR,Monolithic Power Systems,Information Technology,Semiconductors,"Kirkland, Washington",12-02-21,1997
MNST,Monster Beverage,Consumer Staples,Soft Drinks & Non-alcoholic Beverages,"Corona, California",28-06-12,2012 (1935)
MCO,Moody's Corporation,Financials,Financial Exchanges & Data,"New York City, New York",01-07-98,1909
MS,Morgan Stanley,Financials,Investment Banking & Brokerage,"New York City, New York",29-07-93,1935
MOS,Mosaic Company (The),Materials,Fertilizers & Agricultural Chemicals,"Tampa, Florida",26-09-11,2004 (1865 / 1909)
MSI,Motorola Solutions,Information Technology,Communications Equipment,"Chicago, Illinois",04-03-57,1928 (2011)
MSCI,MSCI Inc.,Financials,Financial Exchanges & Data,"New York City, New York",04-04-18,1969
NDAQ,"Nasdaq, Inc.",Financials,Financial Exchanges & Data,"New York City, New York",22-10-08,1971
NTAP,NetApp,Information Technology,"Technology Hardware, Storage & Peripherals","San Jose, California",25-06-99,1992
NFLX,Netflix,Communication Services,Movies & Entertainment,"Los Gatos, California",20-12-10,1997
NEM,Newmont,Materials,Gold,"Denver, Colorado",30-06-69,1921
NWSA,News Corp (Class A),Communication Services,Publishing,"New York City, New York",01-08-13,2013 (News Corporation 1980)
NWS,News Corp (Class B),Communication Services,Publishing,"New York City, New York",18-09-15,2013 (News Corporation 1980)
NEE,NextEra Energy,Utilities,Multi-Utilities,"Juno Beach, Florida",30-06-76,1984 (1925)
NKE,"Nike, Inc.",Consumer Discretionary,"Apparel, Accessories & Luxury Goods","Washington County, Oregon",30-11-88,1964
NI,NiSource,Utilities,Multi-Utilities,"Merrillville, Indiana",02-11-00,1912
NDSN,Nordson Corporation,Industrials,Industrial Machinery & Supplies & Components,"Westlake, Ohio",15-02-22,1935
NSC,Norfolk Southern,Industrials,Rail Transportation,"Atlanta, Georgia",04-03-57,1881/1894 (1980)
NTRS,Northern Trust,Financials,Asset Management & Custody Banks,"Chicago, Illinois",30-01-98,1889
NOC,Northrop Grumman,Industrials,Aerospace & Defense,"West Falls Church, Virginia[2]",04-03-57,"1994 (Northrop 1939, Grumman 1930)"
NCLH,Norwegian Cruise Line Holdings,Consumer Discretionary,"Hotels, Resorts & Cruise Lines","Miami-Dade County, Florida[3]",13-10-17,2011 (1966)
NRG,NRG Energy,Utilities,Independent Power Producers & Energy Traders,"Houston, Texas",29-01-10,1992
NUE,Nucor,Materials,Steel,"Charlotte, North Carolina",30-04-85,1940
NVDA,Nvidia,Information Technology,Semiconductors,"Santa Clara, California",30-11-01,1993
NVR,"NVR, Inc.",Consumer Discretionary,Homebuilding,"Reston, Virginia",26-09-19,1980
NXPI,NXP Semiconductors,Information Technology,Semiconductors,"Eindhoven, Netherlands",22-03-21,1953
ORLY,O’Reilly Automotive,Consumer Discretionary,Automotive Retail,"Springfield, Missouri",27-03-09,1957
OXY,Occidental Petroleum,Energy,Oil & Gas Exploration & Production,"Houston, Texas",04-03-57,1920
ODFL,Old Dominion,Industrials,Cargo Ground Transportation,"Thomasville, North Carolina",09-12-19,1934
OMC,Omnicom Group,Communication Services,Advertising,"New York City, New York",31-12-97,1986
ON,ON Semiconductor,Information Technology,Semiconductors,"Phoenix, Arizona",21-06-22,1999
OKE,Oneok,Energy,Oil & Gas Storage & Transportation,"Tulsa, Oklahoma",15-03-10,1906
ORCL,Oracle Corporation,Information Technology,Application Software,"Austin, Texas",31-08-89,1977
OTIS,Otis Worldwide,Industrials,Industrial Machinery & Supplies & Components,"Farmington, Connecticut",03-04-20,"2020 (1853, United Technologies spinoff)"
PCAR,Paccar,Industrials,Construction Machinery & Heavy Transportation Equipment,"Bellevue, Washington",31-12-80,1905
PKG,Packaging Corporation of America,Materials,Paper & Plastic Packaging Products & Materials,"Lake Forest, Illinois",26-07-17,1959
PLTR,Palantir Technologies,Information Technology,Application Software,"Aventura, Florida",23-09-24,2003
PANW,Palo Alto Networks,Information Technology,Systems Software,"Santa Clara, California",20-06-23,2005
PSKY,Paramount Skydance Corporation,Communication Services,Movies & Entertainment,"Los Angeles, California",30-09-94,2025 (Paramount Pictures 1912)
PH,Parker Hannifin,Industrials,Industrial Machinery & Supplies & Components,"Cleveland, Ohio",30-11-85,1917
PAYX,Paychex,Industrials,Human Resource & Employment Services,"Penfield, New York",01-10-98,1971
PYPL,PayPal,Financials,Transaction & Payment Processing Services,"San Jose, California",20-07-15,1998
PNR,Pentair,Industrials,Industrial Machinery & Supplies & Components,"Worsley, United Kingdom",01-10-12,1966
PEP,PepsiCo,Consumer Staples,Soft Drinks & Non-alcoholic Beverages,"Purchase, New York",04-03-57,1898
PFE,Pfizer,Health Care,Pharmaceuticals,"New York City, New York",04-03-57,1849
PCG,PG&E Corporation,Utilities,Multi-Utilities,"Oakland, California",03-10-22,1905
PM,Philip Morris International,Consumer Staples,Tobacco,"New York City, New York",31-03-08,2008 (1847)
PSX,Phillips 66,Energy,Oil & Gas Refining & Marketing,"Houston, Texas",01-05-12,2012 (1917)
PNW,Pinnacle West Capital,Utilities,Multi-Utilities,"Phoenix, Arizona",04-10-99,1985
PNC,PNC Financial Services,Financials,Diversified Banks,"Pittsburgh, Pennsylvania",30-04-88,1845
PPG,PPG Industries,Materials,Specialty Chemicals,"Pittsburgh, Pennsylvania",04-03-57,1883
PPL,PPL Corporation,Utilities,Electric Utilities,"Allentown, Pennsylvania",01-10-01,1920
PFG,Principal Financial Group,Financials,Life & Health Insurance,"Des Moines, Iowa",22-07-02,1879
PG,Procter & Gamble,Consumer Staples,Personal Care Products,"Cincinnati, Ohio",04-03-57,1837
PGR,Progressive Corporation,Financials,Property & Casualty Insurance,"Mayfield Village, Ohio",04-08-97,1937
PLD,Prologis,Real Estate,Industrial REITs,"San Francisco, California",17-07-03,1983
PRU,Prudential Financial,Financials,Life & Health Insurance,"Newark, New Jersey",22-07-02,1875
PEG,Public Service Enterprise Group,Utilities,Electric Utilities,"Newark, New Jersey",04-03-57,1903
PTC,PTC Inc.,Information Technology,Application Software,"Boston, Massachusetts",20-04-21,1985
PSA,Public Storage,Real Estate,Self-Storage REITs,"Glendale, California",19-08-05,1972
PHM,PulteGroup,Consumer Discretionary,Homebuilding,"Atlanta, Georgia",30-04-84,1956
PWR,Quanta Services,Industrials,Construction & Engineering,"Houston, Texas",01-07-09,1997
QCOM,Qualcomm,Information Technology,Semiconductors,"San Diego, California",22-07-99,1985
DGX,Quest Diagnostics,Health Care,Health Care Services,"Secaucus, New Jersey",12-12-02,1967
Q,Qnity Electronics,Information Technology,Semiconductor Materials & Equipment,"Wilmington, Delaware",03-11-25,2025
RL,Ralph Lauren Corporation,Consumer Discretionary,"Apparel, Accessories & Luxury Goods","New York City, New York",02-02-07,1967
RJF,Raymond James Financial,Financials,Investment Banking & Brokerage,"St. Petersburg, Florida",20-03-17,1962
RTX,RTX Corporation,Industrials,Aerospace & Defense,"Waltham, Massachusetts",04-03-57,1922
O,Realty Income,Real Estate,Retail REITs,"San Diego, California",07-04-15,1969
REG,Regency Centers,Real Estate,Retail REITs,"Jacksonville, Florida",02-03-17,1963
REGN,Regeneron Pharmaceuticals,Health Care,Biotechnology,"Tarrytown, New York",01-05-13,1988
RF,Regions Financial Corporation,Financials,Regional Banks,"Birmingham, Alabama",28-08-98,1971
RSG,Republic Services,Industrials,Environmental & Facilities Services,"Phoenix, Arizona",05-12-08,1998 (1981)
RMD,ResMed,Health Care,Health Care Equipment,"San Diego, California",26-07-17,1989
RVTY,Revvity,Health Care,Health Care Equipment,"Waltham, Massachusetts",31-05-85,1937
HOOD,Robinhood Markets,Financials,Investment Banking & Brokerage,"Menlo Park, California",22-09-25,2013
ROK,Rockwell Automation,Industrials,Electrical Components & Equipment,"Milwaukee, Wisconsin",12-03-00,1903
ROL,"Rollins, Inc.",Industrials,Environmental & Facilities Services,"Atlanta, Georgia",01-10-18,1948
ROP,Roper Technologies,Information Technology,Electronic Equipment & Instruments,"Sarasota, Florida",23-12-09,1981
ROST,Ross Stores,Consumer Discretionary,Apparel Retail,"Dublin, California",21-12-09,1982
RCL,Royal Caribbean Group,Consumer Discretionary,"Hotels, Resorts & Cruise Lines","Miami, Florida",05-12-14,1997
SPGI,S&P Global,Financials,Financial Exchanges & Data,"New York City, New York",04-03-57,1917
CRM,Salesforce,Information Technology,Application Software,"San Francisco, California",15-09-08,1999
SNDK,Sandisk,Information Technology,"Technology Hardware, Storage & Peripherals","Milpitas, California",28-11-25,1988
SBAC,SBA Communications,Real Estate,Telecom Tower REITs,"Boca Raton, Florida",01-09-17,1989
SLB,Schlumberger,Energy,Oil & Gas Equipment & Services,"Houston, Texas",04-03-57,1926
STX,Seagate Technology,Information Technology,"Technology Hardware, Storage & Peripherals","Dublin, Ireland",02-07-12,1979
SRE,Sempra,Utilities,Multi-Utilities,"San Diego, California",17-03-17,1998
NOW,ServiceNow,Information Technology,Systems Software,"Santa Clara, California",21-11-19,2003
SHW,Sherwin-Williams,Materials,Specialty Chemicals,"Cleveland, Ohio",30-06-64,1866
SPG,Simon Property Group,Real Estate,Retail REITs,"Indianapolis, Indiana",26-06-02,2003
SWKS,Skyworks Solutions,Information Technology,Semiconductors,"Irvine, California",12-03-15,2002
SJM,J.M. Smucker Company (The),Consumer Staples,Packaged Foods & Meats,"Orrville, Ohio",06-11-08,1897
SW,Smurfit Westrock,Materials,Paper & Plastic Packaging Products & Materials,"Dublin, Ireland",08-07-24,1934
SNA,Snap-on,Industrials,Industrial Machinery & Supplies & Components,"Kenosha, Wisconsin",30-09-82,1920
SOLV,Solventum,Health Care,Health Care Technology,"Saint Paul, Minnesota",01-04-24,2023
SO,Southern Company,Utilities,Electric Utilities,"Atlanta, Georgia",04-03-57,1945
LUV,Southwest Airlines,Industrials,Passenger Airlines,"Dallas, Texas",01-07-94,1967
SWK,Stanley Black & Decker,Industrials,Industrial Machinery & Supplies & Components,"New Britain, Connecticut",30-09-82,1843
SBUX,Starbucks,Consumer Discretionary,Restaurants,"Seattle, Washington",07-06-00,1971
STT,State Street Corporation,Financials,Asset Management & Custody Banks,"Boston, Massachusetts",14-03-03,1792
STLD,Steel Dynamics,Materials,Steel,"Fort Wayne, Indiana",22-12-22,1993
STE,Steris,Health Care,Health Care Equipment,"Dublin, Ireland",23-12-19,1985
SYK,Stryker Corporation,Health Care,Health Care Equipment,"Kalamazoo, Michigan",12-12-00,1941
SMCI,Supermicro,Information Technology,"Technology Hardware, Storage & Peripherals","San Jose, California",18-03-24,1993
SYF,Synchrony Financial,Financials,Consumer Finance,"Stamford, Connecticut",18-11-15,2003
SNPS,Synopsys,Information Technology,Application Software,"Sunnyvale, California",16-03-17,1986
SYY,Sysco,Consumer Staples,Food Distributors,"Houston, Texas",31-12-86,1969
TMUS,T-Mobile US,Communication Services,Wireless Telecommunication Services,"Bellevue, Washington",15-07-19,1994
TROW,T. Rowe Price,Financials,Asset Management & Custody Banks,"Baltimore, Maryland",29-07-19,1937
TTWO,Take-Two Interactive,Communication Services,Interactive Home Entertainment,"New York City, New York",19-03-18,1993
TPR,"Tapestry, Inc.",Consumer Discretionary,"Apparel, Accessories & Luxury Goods","New York City, New York",01-09-04,2017
TRGP,Targa Resources,Energy,Oil & Gas Storage & Transportation,"Houston, Texas",12-10-22,2005
TGT,Target Corporation,Consumer Staples,Consumer Staples Merchandise Retail,"Minneapolis, Minnesota",31-12-76,1902
TEL,TE Connectivity,Information Technology,Electronic Manufacturing Services,"Galway, Ireland",17-10-11,2007
TDY,Teledyne Technologies,Information Technology,Electronic Equipment & Instruments,"Thousand Oaks, California",22-06-20,1960
TER,Teradyne,Information Technology,Semiconductor Materials & Equipment,"North Reading, Massachusetts",21-09-20,1960
TSLA,"Tesla, Inc.",Consumer Discretionary,Automobile Manufacturers,"Austin, Texas",21-12-20,2003
TXN,Texas Instruments,Information Technology,Semiconductors,"Dallas, Texas",12-03-01,1930
TPL,Texas Pacific Land Corporation,Energy,Oil & Gas Exploration & Production,"Dallas, Texas",26-11-24,1888
TXT,Textron,Industrials,Aerospace & Defense,"Providence, Rhode Island",31-12-78,1923
TMO,Thermo Fisher Scientific,Health Care,Life Sciences Tools & Services,"Waltham, Massachusetts",03-08-04,2006 (1902)
TJX,TJX Companies,Consumer Discretionary,Apparel Retail,"Framingham, Massachusetts",30-09-85,1987
TKO,TKO Group Holdings,Communication Services,Movies & Entertainment,"New York City, New York",24-03-25,2023
TTD,Trade Desk (The),Communication Services,Advertising,"Ventura, California",18-07-25,2009
TSCO,Tractor Supply,Consumer Discretionary,Other Specialty Retail,"Brentwood, Tennessee",24-01-14,1938
TT,Trane Technologies,Industrials,Building Products,"Dublin, Ireland",17-11-10,1871
TDG,TransDigm Group,Industrials,Aerospace & Defense,"Cleveland, Ohio",03-06-16,1993
TRV,Travelers Companies (The),Financials,Property & Casualty Insurance,"New York City, New York",21-08-02,1853
TRMB,Trimble Inc.,Information Technology,Application Software,"Westminster, Colorado",21-01-21,1978
TFC,Truist Financial,Financials,Diversified Banks,"Charlotte, North Carolina",04-12-97,1872
TYL,Tyler Technologies,Information Technology,Application Software,"Plano, Texas",22-06-20,1966
TSN,Tyson Foods,Consumer Staples,Packaged Foods & Meats,"Springdale, Arkansas",10-08-05,1935
USB,U.S. Bancorp,Financials,Diversified Banks,"Minneapolis, Minnesota",01-11-99,1968
UBER,Uber,Industrials,Passenger Ground Transportation,"San Francisco, California",18-12-23,2009
UDR,"UDR, Inc.",Real Estate,Multi-Family Residential REITs,"Highlands Ranch, Colorado",07-03-16,1972
ULTA,Ulta Beauty,Consumer Discretionary,Other Specialty Retail,"Bolingbrook, Illinois",18-04-16,1990
UNP,Union Pacific Corporation,Industrials,Rail Transportation,"Omaha, Nebraska",04-03-57,1862
UAL,United Airlines Holdings,Industrials,Passenger Airlines,"Chicago, Illinois",03-09-15,1967
UPS,United Parcel Service,Industrials,Air Freight & Logistics,"Sandy Springs, Georgia",22-07-02,1907
URI,United Rentals,Industrials,Trading Companies & Distributors,"Stamford, Connecticut",20-09-14,1997
UNH,UnitedHealth Group,Health Care,Managed Health Care,"Eden Prairie, Minnesota",01-07-94,1977
UHS,Universal Health Services,Health Care,Health Care Facilities,"King of Prussia, Pennsylvania",20-09-14,1979
VLO,Valero Energy,Energy,Oil & Gas Refining & Marketing,"San Antonio, Texas",20-12-02,1980
VEEV,Veeva Systems,Health Care,Health Care Technology,"Pleasanton, California",07-05-26,2007
VTR,Ventas,Real Estate,Health Care REITs,"Chicago, Illinois",04-03-09,1998
VLTO,Veralto,Industrials,Environmental & Facilities Services,"Waltham, Massachusetts",02-10-23,2023
VRSN,Verisign,Information Technology,Internet Services & Infrastructure,"Reston, Virginia",01-02-06,1995
VRSK,Verisk Analytics,Industrials,Research & Consulting Services,"Jersey City, New Jersey",08-10-15,1971
VZ,Verizon,Communication Services,Integrated Telecommunication Services,"New York City, New York",30-11-83,1983 (1877)
VRTX,Vertex Pharmaceuticals,Health Care,Biotechnology,"Boston, Massachusetts",23-09-13,1989
VRT,Vertiv,Industrials,Electrical Components & Equipment,"Westerville, Ohio",23-03-26,2016
VTRS,Viatris,Health Care,Pharmaceuticals,"Pittsburgh, Pennsylvania",23-04-04,1961
VICI,Vici Properties,Real Estate,Hotel & Resort REITs,"New York City, New York",08-06-22,2017
V,Visa Inc.,Financials,Transaction & Payment Processing Services,"San Francisco, California",21-12-09,1958
VST,Vistra Corp.,Utilities,Electric Utilities,"Irving, Texas",08-05-24,2016
VMC,Vulcan Materials Company,Materials,Construction Materials,"Birmingham, Alabama",30-06-99,1909
WRB,W. R. Berkley Corporation,Financials,Property & Casualty Insurance,"Greenwich, Connecticut",05-12-19,1967
GWW,W. W. Grainger,Industrials,Industrial Machinery & Supplies & Components,"Lake Forest, Illinois",30-06-81,1927
WAB,Wabtec,Industrials,Construction Machinery & Heavy Transportation Equipment,"Pittsburgh, Pennsylvania",27-02-19,1999 (1869)
WMT,Walmart,Consumer Staples,Consumer Staples Merchandise Retail,"Bentonville, Arkansas",31-08-82,1962
DIS,Walt Disney Company (The),Communication Services,Movies & Entertainment,"Burbank, California",30-06-76,1923
WBD,Warner Bros. Discovery,Communication Services,Broadcasting,"New York City, New York",11-04-22,2022 (Warner Bros. 1923)
WM,Waste Management,Industrials,Environmental & Facilities Services,"Houston, Texas",31-08-98,1968
WAT,Waters Corporation,Health Care,Life Sciences Tools & Services,"Milford, Massachusetts",02-01-02,1958
WEC,WEC Energy Group,Utilities,Electric Utilities,"Milwaukee, Wisconsin",31-10-08,1896
WFC,Wells Fargo,Financials,Diversified Banks,"San Francisco, California",30-06-76,1852
WELL,Welltower,Real Estate,Health Care REITs,"Toledo, Ohio",30-01-09,1970
WST,West Pharmaceutical Services,Health Care,Health Care Supplies,"Exton, Pennsylvania",22-05-20,1923
WDC,Western Digital,Information Technology,"Technology Hardware, Storage & Peripherals","San Jose, California",01-07-09,1970
WY,Weyerhaeuser,Real Estate,Timber REITs,"Seattle, Washington",01-10-79,1900
WSM,"Williams-Sonoma, Inc.",Consumer Discretionary,Homefurnishing Retail,"San Francisco, California",24-03-25,1956
WMB,Williams Companies,Energy,Oil & Gas Storage & Transportation,"Tulsa, Oklahoma",31-03-75,1908
WTW,Willis Towers Watson,Financials,Insurance Brokers,"London, United Kingdom",05-01-16,2016
WDAY,"Workday, Inc.",Information Technology,Application Software,"Pleasanton, California",23-12-24,2005
WYNN,Wynn Resorts,Consumer Discretionary,Casinos & Gaming,"Paradise, Nevada",14-11-08,2002
XEL,Xcel Energy,Utilities,Multi-Utilities,"Minneapolis, Minnesota",04-03-57,1909
XYL,Xylem Inc.,Industrials,Industrial Machinery & Supplies & Components,"White Plains, New York",01-11-11,2011
YUM,Yum! Brands,Consumer Discretionary,Restaurants,"Louisville, Kentucky",06-10-97,1997
ZBRA,Zebra Technologies,Information Technology,Electronic Equipment & Instruments,"Lincolnshire, Illinois",23-12-19,1969
ZBH,Zimmer Biomet,Health Care,Health Care Equipment,"Warsaw, Indiana",07-08-01,1927
ZTS,Zoetis,Health Care,Pharmaceuticals,"Parsippany, New Jersey",21-06-13,1952
